education_level,race_or_hispanic_origin,sex,age_group,total_deaths_2020,covid_19_deaths,prop_dead_2020,prop_dead_covid,prop_dead_2019,total_deaths_2019,prop_change
Associate degree or some college,Hispanic,Female,0-24,402,19,0.024187725631768953,0.0069216757741347905,0.027973671838269865,357,-0.021051996064135076
Associate degree or some college,Hispanic,Female,25-39,1272,127,0.07653429602888087,0.04626593806921676,0.07976806143237737,1018,-0.033502123363160614
Associate degree or some college,Hispanic,Female,40-54,2298,410,0.13826714801444043,0.1493624772313297,0.14503996238834038,1851,0.004322514842989317
Associate degree or some college,Hispanic,Female,55-64,2956,586,0.17785800240673888,0.2134790528233151,0.1785770255445855,2279,0.034902027278729625
Associate degree or some college,Hispanic,Female,65-74,3547,689,0.21341756919374247,0.25100182149362477,0.19495376900172387,2488,0.056048052491900896
Associate degree or some college,Hispanic,Female,75 and over,6145,914,0.3697352587244284,0.33296903460837884,0.373687509794703,4769,-0.040718475186324155
Associate degree or some college,Hispanic,Male,0-24,813,27,0.03677401845485797,0.00608793686583991,0.04350559537281529,692,-0.03741765850697538
Associate degree or some college,Hispanic,Male,25-39,2447,236,0.11068391532476932,0.053213077790304396,0.11781717590846222,1874,-0.06460409811815782
Associate degree or some college,Hispanic,Male,40-54,3641,769,0.16469151438393342,0.1733934611048478,0.16019112284672452,2548,0.01320233825812328
Associate degree or some college,Hispanic,Male,55-64,4392,1091,0.198661118147277,0.2459977452085682,0.18860807242549982,3000,0.05738967278306839
Associate degree or some college,Hispanic,Male,65-74,4847,1192,0.21924190338339064,0.26877113866967306,0.21363007670061612,3398,0.05514106196905694
Associate degree or some college,Hispanic,Male,75 and over,5968,1120,0.2699475303057717,0.2525366403607666,0.27624795674588204,4394,-0.023711316385115422
Associate degree or some college,Am. Indian,Female,0-24,24,0,0.008550053437833986,0.0,0.012826837691169216,26,-0.012826837691169216
Associate degree or some college,Am. Indian,Female,25-39,281,36,0.10010687566797292,0.06164383561643835,0.08880118401578688,180,-0.027157348399348524
Associate degree or some college,Am. Indian,Female,40-54,475,77,0.16921980762379765,0.13184931506849315,0.16181549087321165,328,-0.029966175804718498
Associate degree or some college,Am. Indian,Female,55-64,586,133,0.20876380477377984,0.22773972602739725,0.20522940305870746,416,0.022510322968689794
Associate degree or some college,Am. Indian,Female,65-74,706,189,0.2515140719629498,0.3236301369863014,0.24617661568820917,499,0.07745352129809221
Associate degree or some college,Am. Indian,Female,75 and over,735,149,0.26184538653366585,0.2551369863013699,0.28515046867291566,578,-0.030013482371545774
Associate degree or some college,Am. Indian,Male,0-24,38,0,0.012637179913535085,0.0,0.021225277375783887,44,-0.021225277375783887
Associate degree or some college,Am. Indian,Male,25-39,377,33,0.12537412703691386,0.05555555555555555,0.1196333815726001,248,-0.06407782601704455
Associate degree or some college,Am. Indian,Male,40-54,618,116,0.20552045227801796,0.19528619528619529,0.19150988904968644,397,0.0037763062365088473
Associate degree or some college,Am. Indian,Male,55-64,628,140,0.20884602593947457,0.2356902356902357,0.1919922817173179,398,0.043697953972917813
Associate degree or some college,Am. Indian,Male,65-74,769,199,0.25573661456601265,0.335016835016835,0.2619392185238784,543,0.07307761649295658
Associate degree or some college,Am. Indian,Male,75 and over,577,106,0.1918856002660459,0.17845117845117844,0.21369995176073323,443,-0.03524877330955478
Associate degree or some college,Asian,Female,0-24,86,1,0.015861305791220952,0.0017271157167530224,0.01559792027729636,72,-0.013870804560543338
Associate degree or some college,Asian,Female,25-39,181,17,0.033382515676872004,0.02936096718480138,0.03661178509532063,169,-0.0072508179105192465
Associate degree or some college,Asian,Female,40-54,438,47,0.08078199926226484,0.08117443868739206,0.08470537261698441,391,-0.0035309339295923475
Associate degree or some college,Asian,Female,55-64,623,65,0.1149022500922169,0.11226252158894647,0.1224003466204506,565,-0.010137825031504136
Associate degree or some college,Asian,Female,65-74,1038,122,0.1914422722242715,0.21070811744386875,0.18110918544194107,836,0.029598932001927675
Associate degree or some college,Asian,Female,75 and over,3056,327,0.5636296569531538,0.5647668393782384,0.5595753899480069,2583,0.005191449430231421
Associate degree or some college,Asian,Male,0-24,192,7,0.025353228575201375,0.005813953488372093,0.031476997578692496,182,-0.025663044090320403
Associate degree or some college,Asian,Male,25-39,419,39,0.05532813944275716,0.03239202657807309,0.06035973711518506,349,-0.027967710537111973
Associate degree or some college,Asian,Male,40-54,851,116,0.11237290373696025,0.09634551495016612,0.10930473884469041,632,-0.012959223894524294
Associate degree or some college,Asian,Male,55-64,1109,225,0.1464413046348871,0.18687707641196014,0.15254237288135594,882,0.034334703530604194
Associate degree or some college,Asian,Male,65-74,1760,342,0.23240459527267926,0.2840531561461794,0.21221030785195433,1227,0.07184284829422505
Associate degree or some college,Asian,Male,75 and over,3242,475,0.42809982833751486,0.3945182724252492,0.4341058457281218,2510,-0.0395875733028726
Associate degree or some college,Black,Female,0-24,555,27,0.012423333482562565,0.004596527068437181,0.011838740266084308,412,-0.007242213197647127
Associate degree or some college,Black,Female,25-39,2263,135,0.05065586247034069,0.022982635342185902,0.051262894744403896,1784,-0.028280259402217994
Associate degree or some college,Black,Female,40-54,5346,610,0.11966692035635941,0.1038474633980252,0.12522628660095975,4358,-0.02137882320293455
Associate degree or some college,Black,Female,55-64,9135,1149,0.20448135380758384,0.19560776302349336,0.20910318669003763,7277,-0.01349542366654427
Associate degree or some college,Black,Female,65-74,11435,1679,0.25596543851009534,0.2858358869594825,0.2500502859113244,8702,0.03578560104815809
Associate degree or some college,Black,Female,75 and over,15940,2274,0.35680709137305816,0.3871297242083759,0.35251860578719,12268,0.03461111842118586
Associate degree or some college,Black,Male,0-24,1080,15,0.026319637373885072,0.0027901785714285715,0.027312719561983733,863,-0.02452254099055516
Associate degree or some college,Black,Male,25-39,3881,196,0.09458010430374811,0.036458333333333336,0.09165427097509257,2896,-0.055195937641759237
Associate degree or some college,Black,Male,40-54,6199,762,0.1510698445191792,0.14174107142857142,0.1521979934803937,4809,-0.010456922051822276
Associate degree or some college,Black,Male,55-64,8875,1184,0.21628405712336113,0.22023809523809523,0.2211285881571035,6987,-0.0008904929190082789
Associate degree or some college,Black,Male,65-74,11307,1697,0.2755519812838134,0.3156622023809524,0.26841155805930944,8481,0.04725064432164294
Associate degree or some college,Black,Male,75 and over,9692,1522,0.23619437539601307,0.28311011904761907,0.23929486976611702,7561,0.043815249281502044
Associate degree or some college,Multiracial,Female,0-24,63,2,0.0375,0.021052631578947368,0.027318475916606758,38,-0.00626584433765939
Associate degree or some college,Multiracial,Female,25-39,173,1,0.10297619047619047,0.010526315789473684,0.098490294751977,137,-0.08796397896250331
Associate degree or some college,Multiracial,Female,40-54,239,10,0.14226190476190476,0.10526315789473684,0.13803019410496045,192,-0.032767036210223616
Associate degree or some college,Multiracial,Female,55-64,279,15,0.16607142857142856,0.15789473684210525,0.19554277498202732,272,-0.03764803813992207
Associate degree or some college,Multiracial,Female,65-74,373,27,0.2220238095238095,0.28421052631578947,0.20776419841840402,289,0.07644632789738545
Associate degree or some college,Multiracial,Female,75 and over,553,40,0.32916666666666666,0.42105263157894735,0.33285406182602445,463,0.0881985697529229
Associate degree or some college,Multiracial,Male,0-24,105,0,0.05111976630963973,0.0,0.059495192307692304,99,-0.059495192307692304
Associate degree or some college,Multiracial,Male,25-39,313,6,0.15238558909444985,0.037037037037037035,0.12439903846153846,207,-0.08736200142450143
Associate degree or some college,Multiracial,Male,40-54,303,20,0.14751703992210322,0.12345679012345678,0.14603365384615385,243,-0.02257686372269707
Associate degree or some college,Multiracial,Male,55-64,369,35,0.17964946445959104,0.21604938271604937,0.17668269230769232,294,0.03936669040835705
Associate degree or some college,Multiracial,Male,65-74,471,50,0.22930866601752678,0.30864197530864196,0.23497596153846154,391,0.07366601377018042
Associate degree or some college,Multiracial,Male,75 and over,493,51,0.2400194741966894,0.3148148148148148,0.25841346153846156,430,0.05640135327635326
Associate degree or some college,White,Female,0-24,1104,9,0.004614786545221982,0.00046566978837895174,0.004709287525809159,999,-0.004243617737430207
Associate degree or some college,White,Female,25-39,5691,93,0.023788723033386142,0.004811921146582501,0.024088547804689487,5110,-0.019276626658106987
Associate degree or some college,White,Female,40-54,14015,579,0.058583544774715654,0.029958089719045896,0.061131171806499664,12968,-0.031173082087453768
Associate degree or some college,White,Female,55-64,27480,1582,0.11486805639737326,0.08185440057950018,0.1210319892143645,25675,-0.03917758863486433
Associate degree or some college,White,Female,65-74,48745,3718,0.20375703817649052,0.19237336368810473,0.19984066674837603,42393,-0.007467303060271296
Associate degree or some college,White,Female,75 and over,142196,13346,0.5943878510728124,0.6905365550783877,0.5891983369002611,124989,0.1013382181781266
Associate degree or some college,White,Male,0-24,2308,24,0.009232553953237195,0.001121967182459913,0.010448765145937297,2299,-0.009326797963477384
Associate degree or some college,White,Male,25-39,10286,160,0.041146468788127284,0.0074797812163994205,0.04220864806886459,9287,-0.034728866852465165
Associate degree or some college,White,Male,40-54,19401,844,0.07760865651939117,0.03945584591650694,0.07792260914619181,17145,-0.03846676322968487
Associate degree or some college,White,Male,55-64,34992,2251,0.13997639858391503,0.10523117198821934,0.1460872805941116,32143,-0.04085610860589227
Associate degree or some college,White,Male,65-74,66259,5706,0.26505190311418686,0.26674769762984435,0.2622144655631607,57694,0.004533232066683657
Associate degree or some college,White,Male,75 and over,116739,12406,0.46698401904114245,0.57996353606657,0.461118231481734,101458,0.11884530458483605
Bachelor's degree or more,Hispanic,Female,0-24,58,3,0.006014725707767292,0.0021141649048625794,0.006039915966386555,46,-0.003925751061523975
Bachelor's degree or more,Hispanic,Female,25-39,420,43,0.04355491029762522,0.030303030303030304,0.055409663865546216,422,-0.025106633562515912
Bachelor's degree or more,Hispanic,Female,40-54,1140,157,0.11822047080783989,0.11064129668780831,0.12644432773109243,963,-0.01580303104328412
Bachelor's degree or more,Hispanic,Female,55-64,1416,222,0.14684226900342218,0.15644820295983086,0.15283613445378152,1164,0.0036120685060493374
Bachelor's degree or more,Hispanic,Female,65-74,1855,339,0.19236752048117806,0.23890063424947147,0.1802783613445378,1373,0.05862227290493366
Bachelor's degree or more,Hispanic,Female,75 and over,4754,655,0.4930001037021674,0.4615926708949965,0.4789915966386555,3648,-0.017398925743658977
Bachelor's degree or more,Hispanic,Male,0-24,59,4,0.004412864622288706,0.0013550135501355014,0.005292125317527519,50,-0.003937111767392018
Bachelor's degree or more,Hispanic,Male,25-39,684,76,0.05115931189229619,0.025745257452574527,0.053662150719729046,507,-0.02791689326715452
Bachelor's degree or more,Hispanic,Male,40-54,1471,352,0.1100224382946896,0.11924119241192412,0.10287891617273497,972,0.01636227623918915
Bachelor's degree or more,Hispanic,Male,55-64,2253,689,0.16851159311892297,0.23340108401084012,0.15950465707027942,1507,0.0738964269405607
Bachelor's degree or more,Hispanic,Male,65-74,3284,836,0.2456245325355273,0.28319783197831977,0.22787891617273498,2153,0.05531891580558479
Bachelor's degree or more,Hispanic,Male,75 and over,5619,995,0.42026925953627525,0.337059620596206,0.4507832345469941,4259,-0.11372361395078812
Bachelor's degree or more,Am. Indian,Female,25-39,28,0,0.031180400890868598,0.0,0.04978038067349927,34,-0.04978038067349927
Bachelor's degree or more,Am. Indian,Female,40-54,111,29,0.12360801781737193,0.16201117318435754,0.11859443631039532,81,0.04341673687396222
Bachelor's degree or more,Am. Indian,Female,55-64,161,32,0.17928730512249444,0.1787709497206704,0.17423133235724744,119,0.004539617363422954
Bachelor's degree or more,Am. Indian,Female,65-74,266,59,0.2962138084632517,0.329608938547486,0.28989751098096633,198,0.039711427566519686
Bachelor's degree or more,Am. Indian,Female,75 and over,331,59,0.3685968819599109,0.329608938547486,0.36749633967789164,251,-0.03788740113040562
Bachelor's degree or more,Am. Indian,Male,25-39,47,9,0.053167420814479636,0.047619047619047616,0.04205607476635514,27,0.0055629728526924785
Bachelor's degree or more,Am. Indian,Male,40-54,105,17,0.11877828054298642,0.08994708994708994,0.13551401869158877,87,-0.04556692874449883
Bachelor's degree or more,Am. Indian,Male,55-64,145,32,0.16402714932126697,0.1693121693121693,0.14953271028037382,96,0.019779459031795482
Bachelor's degree or more,Am. Indian,Male,65-74,260,62,0.29411764705882354,0.328042328042328,0.29127725856697817,187,0.036765069475349854
Bachelor's degree or more,Am. Indian,Male,75 and over,327,69,0.36990950226244346,0.36507936507936506,0.38161993769470404,245,-0.016540572615338978
Bachelor's degree or more,Asian,Female,0-24,37,0,0.003438661710037175,0.0,0.005074345055463772,43,-0.005074345055463772
Bachelor's degree or more,Asian,Female,25-39,368,23,0.03420074349442379,0.017651573292402148,0.04130280859098419,350,-0.02365123529858204
Bachelor's degree or more,Asian,Female,40-54,954,80,0.08866171003717473,0.06139677666922486,0.09959877271654473,844,-0.038201996047319865
Bachelor's degree or more,Asian,Female,55-64,1292,149,0.12007434944237919,0.11435149654643131,0.11883408071748879,1007,-0.0044825841710574715
Bachelor's degree or more,Asian,Female,65-74,2196,282,0.20408921933085503,0.21642363775901766,0.19730941704035873,1672,0.019114220718658925
Bachelor's degree or more,Asian,Female,75 and over,5913,769,0.5495353159851301,0.5901765157329241,0.5378805758791598,4558,0.05229593985376424
Bachelor's degree or more,Asian,Male,0-24,68,1,0.003758151873549243,0.0003362474781439139,0.004923611613930925,68,-0.004587364135787011
Bachelor's degree or more,Asian,Male,25-39,539,40,0.029788880291809438,0.013449899125756557,0.03736152342335819,516,-0.02391162429760163
Bachelor's degree or more,Asian,Male,40-54,1380,191,0.07626837625732287,0.06422326832548755,0.08000868872637752,1105,-0.01578542040088997
Bachelor's degree or more,Asian,Male,55-64,2166,474,0.11970819056040677,0.1593813046402152,0.1180218666280501,1630,0.04135943801216509
Bachelor's degree or more,Asian,Male,65-74,3857,786,0.21316458494528573,0.26429051782111634,0.20331619723408878,2808,0.060974320587027564
Bachelor's degree or more,Asian,Male,75 and over,10084,1482,0.5573118160716259,0.49831876260928043,0.5563681123741945,7684,-0.05804934976491405
Bachelor's degree or more,Black,Female,0-24,74,2,0.002795934560018136,0.000617093489663684,0.002846584099081103,57,-0.0022294906094174186
Bachelor's degree or more,Black,Female,25-39,913,73,0.034495787206710246,0.02252391237272447,0.037005593288054334,741,-0.014481680915329864
Bachelor's degree or more,Black,Female,40-54,2827,322,0.10681225677258473,0.09935205183585313,0.11206552137435077,2244,-0.01271346953849764
Bachelor's degree or more,Black,Female,55-64,4295,558,0.162277553179431,0.17216908361616784,0.17054534558529763,3415,0.0016237380308702087
Bachelor's degree or more,Black,Female,65-74,6734,868,0.25443004496165034,0.2678185745140389,0.23951258489812224,4796,0.028305989615916655
Bachelor's degree or more,Black,Female,75 and over,11624,1418,0.43918842331960556,0.437519284171552,0.4380243707550939,8771,-0.0005050865835418694
Bachelor's degree or more,Black,Male,0-24,89,2,0.004027149321266969,0.000588235294117647,0.005475330926594465,91,-0.004887095632476818
Bachelor's degree or more,Black,Male,25-39,1009,64,0.04565610859728507,0.018823529411764704,0.04530685920577617,753,-0.026483329794011468
Bachelor's degree or more,Black,Male,40-54,2430,347,0.10995475113122172,0.10205882352941177,0.11365824308062575,1889,-0.011599419551213977
Bachelor's degree or more,Black,Male,55-64,3916,677,0.1771945701357466,0.19911764705882354,0.1815884476534296,3018,0.017529199405393936
Bachelor's degree or more,Black,Male,65-74,6483,1085,0.29334841628959274,0.3191176470588235,0.2896510228640193,4814,0.029466624194804225
Bachelor's degree or more,Black,Male,75 and over,8173,1225,0.36981900452488686,0.3602941176470588,0.36432009626955475,6055,-0.004025978622495929
Bachelor's degree or more,Multiracial,Female,0-24,9,0,0.008604206500956023,0.0,0.010804321728691477,9,-0.010804321728691477
Bachelor's degree or more,Multiracial,Female,25-39,86,2,0.08221797323135756,0.02247191011235955,0.0744297719087635,62,-0.05195786179640395
Bachelor's degree or more,Multiracial,Female,40-54,147,6,0.14053537284894838,0.06741573033707865,0.13565426170468187,113,-0.06823853136760322
Bachelor's degree or more,Multiracial,Female,55-64,161,11,0.15391969407265774,0.12359550561797752,0.15846338535414164,132,-0.03486787973616412
Bachelor's degree or more,Multiracial,Female,65-74,223,24,0.21319311663479923,0.2696629213483146,0.20888355342136855,174,0.06077936792694605
Bachelor's degree or more,Multiracial,Female,75 and over,420,46,0.40152963671128106,0.5168539325842697,0.4117647058823529,343,0.10508922670191678
Bachelor's degree or more,Multiracial,Male,0-24,12,0,0.009732360097323601,0.0,0.0062047569803516025,6,-0.0062047569803516025
Bachelor's degree or more,Multiracial,Male,25-39,91,4,0.07380373073803731,0.029411764705882353,0.06514994829369183,63,-0.03573818358780948
Bachelor's degree or more,Multiracial,Male,40-54,137,14,0.1111111111111111,0.10294117647058823,0.1344364012409514,130,-0.03149522477036318
Bachelor's degree or more,Multiracial,Male,55-64,190,19,0.154095701540957,0.13970588235294118,0.15201654601861428,147,-0.0123106636656731
Bachelor's degree or more,Multiracial,Male,65-74,292,43,0.23682076236820762,0.3161764705882353,0.2171664943123061,210,0.09900997627592917
Bachelor's degree or more,Multiracial,Male,75 and over,511,56,0.4144363341443633,0.4117647058823529,0.4250258531540848,411,-0.013261147271731888
Bachelor's degree or more,White,Female,0-24,201,2,0.0010323733801753494,0.00012837794466910585,0.0011736949346424698,197,-0.001045316989973364
Bachelor's degree or more,White,Female,25-39,3265,66,0.01676964719538565,0.004236472174080493,0.017432646592709985,2926,-0.013196174418629492
Bachelor's degree or more,White,Female,40-54,10022,410,0.051474855801578866,0.026317478657166698,0.05299500732814604,8895,-0.026677528670979344
Bachelor's degree or more,White,Female,55-64,18001,916,0.09245648366436052,0.05879709865845048,0.0987154891984319,16569,-0.03991839053998142
Bachelor's degree or more,White,Female,65-74,38031,2474,0.19533428866392394,0.15880351755568392,0.19477973856987954,32693,-0.03597622101419562
Bachelor's degree or more,White,Female,75 and over,125177,11711,0.6429323512945757,0.7517170550099493,0.6349034233761901,106566,0.11681363163375924
Bachelor's degree or more,White,Male,0-24,340,5,0.001194806107567691,0.00018411459292263504,0.001188030188986309,292,-0.001003915596063674
Bachelor's degree or more,White,Male,25-39,5086,97,0.01787289371496846,0.00357182310269912,0.018662652318082878,4587,-0.015090829215383758
Bachelor's degree or more,White,Male,40-54,13061,588,0.0458981252086518,0.02165187612770188,0.047057387554163194,11566,-0.025405511426461313
Bachelor's degree or more,White,Male,55-64,24722,1749,0.08687646056261311,0.06440328460433774,0.09130744349736558,22442,-0.026904158893027844
Bachelor's degree or more,White,Male,65-74,62006,5500,0.2178974926642419,0.20252605221489856,0.2180645686270521,53597,-0.015538516412153536
Bachelor's degree or more,White,Male,75 and over,179350,19218,0.6302602217419571,0.7076628493574401,0.62371991781435,153301,0.08394293154309007
High school graduate/GED or less,Hispanic,Female,0-24,3830,88,0.03807535540312158,0.0041864890580399616,0.051255646633988274,3733,-0.04706915757594831
High school graduate/GED or less,Hispanic,Female,25-39,3438,458,0.03417834774828512,0.021788772597526165,0.03479287665966416,2534,-0.013004104062137992
High school graduate/GED or less,Hispanic,Female,40-54,8079,1791,0.08031613480465255,0.0852045670789724,0.07794757726792163,5677,0.0072569898110507736
High school graduate/GED or less,Hispanic,Female,55-64,11689,3212,0.11620439407495775,0.1528068506184586,0.10667160961678405,7769,0.04613524100167456
High school graduate/GED or less,Hispanic,Female,65-74,17234,4853,0.17132915796798887,0.23087535680304472,0.16067333964932515,11702,0.07020201715371957
High school graduate/GED or less,Hispanic,Female,75 and over,56320,10618,0.5598966100009941,0.5051379638439581,0.5686589501723167,41416,-0.06352098632835856
High school graduate/GED or less,Hispanic,Male,0-24,8132,160,0.060774554205342064,0.0047076823491334924,0.08101085126077598,7264,-0.07630316891164249
High school graduate/GED or less,Hispanic,Male,25-39,11528,1236,0.08615458200678594,0.03636684614705623,0.09399221564232103,8428,-0.057625369495264804
High school graduate/GED or less,Hispanic,Male,40-54,20337,5518,0.15198870005829335,0.1623561950157413,0.1456165590462489,13057,0.016739635969492406
High school graduate/GED or less,Hispanic,Male,55-64,23492,7175,0.1755676128125794,0.21111013034395504,0.1631927018858666,14633,0.04791742845808844
High school graduate/GED or less,Hispanic,Male,65-74,25487,8458,0.19047725811996472,0.24885985818106923,0.17185809718179487,15410,0.07700176099927436
High school graduate/GED or less,Hispanic,Male,75 and over,44830,11440,0.33503729279703454,0.33659928796304467,0.3443295749829926,30875,-0.0077302870199479345
High school graduate/GED or less,Am. Indian,Female,0-24,282,4,0.03822692151281008,0.0030120481927710845,0.05446265938069217,299,-0.05145061118792108
High school graduate/GED or less,Am. Indian,Female,25-39,696,74,0.09434729564863766,0.05572289156626506,0.08397085610200364,461,-0.02824796453573858
High school graduate/GED or less,Am. Indian,Female,40-54,942,146,0.12769418462789753,0.10993975903614457,0.13060109289617486,717,-0.020661333860030287
High school graduate/GED or less,Am. Indian,Female,55-64,1220,242,0.16537888030364647,0.1822289156626506,0.15591985428051003,856,0.026309061382140564
High school graduate/GED or less,Am. Indian,Female,65-74,1287,302,0.1744611630744205,0.22740963855421686,0.1737704918032787,954,0.05363914675093817
High school graduate/GED or less,Am. Indian,Female,75 and over,2950,560,0.39989155483258776,0.42168674698795183,0.4012750455373406,2203,0.02041170145061122
High school graduate/GED or less,Am. Indian,Male,0-24,526,15,0.05668103448275862,0.00906344410876133,0.07013706620005833,481,-0.061073622091297
High school graduate/GED or less,Am. Indian,Male,25-39,1204,107,0.12974137931034482,0.06465256797583081,0.12438028579760864,853,-0.059727717821777826
High school graduate/GED or less,Am. Indian,Male,40-54,1597,245,0.1720905172413793,0.14803625377643503,0.1700204141149023,1166,-0.021984160338467257
High school graduate/GED or less,Am. Indian,Male,55-64,1870,340,0.20150862068965517,0.2054380664652568,0.20341207349081364,1395,0.0020259929744431693
High school graduate/GED or less,Am. Indian,Male,65-74,1763,405,0.18997844827586208,0.24471299093655588,0.184310294546515,1264,0.060402696390040866
High school graduate/GED or less,Am. Indian,Male,75 and over,2320,543,0.25,0.32809667673716014,0.24773986585010208,1699,0.08035681088705807
High school graduate/GED or less,Asian,Female,0-24,485,4,0.01867179980750722,0.0011477761836441894,0.022696801379046158,474,-0.02154902519540197
High school graduate/GED or less,Asian,Female,25-39,253,30,0.009740134744947065,0.00860832137733142,0.010725914575751772,224,-0.0021175931984203523
High school graduate/GED or less,Asian,Female,40-54,928,117,0.03572666025024061,0.03357245337159254,0.03643937942922812,761,-0.0028669260576355826
High school graduate/GED or less,Asian,Female,55-64,1696,212,0.06529355149181906,0.060832137733142035,0.06986209538402605,1459,-0.009029957650884012
High school graduate/GED or less,Asian,Female,65-74,3618,601,0.13928777670837345,0.17245337159253946,0.1358456234437847,2837,0.036607748148754754
High school graduate/GED or less,Asian,Female,75 and over,18995,2521,0.7312800769971126,0.7233859397417504,0.7244301857881632,15129,-0.0010442460464128445
High school graduate/GED or less,Asian,Male,0-24,692,9,0.033282031550596385,0.002583979328165375,0.0484814186002641,771,-0.045897439272098724
High school graduate/GED or less,Asian,Male,25-39,801,61,0.038524432474028474,0.01751363766867643,0.03735144312393888,594,-0.01983780545526245
High school graduate/GED or less,Asian,Male,40-54,1712,242,0.08233936129280492,0.06948033304622452,0.0831918505942275,1323,-0.013711517548002983
High school graduate/GED or less,Asian,Male,55-64,2862,503,0.13764909580607926,0.14441573356302037,0.13733257875872476,2184,0.0070831548042956105
High school graduate/GED or less,Asian,Male,65-74,4078,886,0.19613312812620237,0.2543784094171691,0.18266993648997046,2905,0.07170847292719865
High school graduate/GED or less,Asian,Male,75 and over,10647,1782,0.5120719507502886,0.5116279069767442,0.5109727724328743,8126,0.0006551345438698952
High school graduate/GED or less,Black,Female,0-24,4710,64,0.03452775415652582,0.0033020328139510887,0.04234210867591752,4571,-0.03904007586196643
High school graduate/GED or less,Black,Female,25-39,5033,299,0.036895581033926636,0.015426684552677742,0.03542249476628934,3824,-0.019995810213611603
High school graduate/GED or less,Black,Female,40-54,11440,1246,0.08386358971351494,0.06428645134661026,0.08479537580821461,9154,-0.02050892446160435
High school graduate/GED or less,Black,Female,55-64,19507,2661,0.14300061578160278,0.13729233309256011,0.1477666413472405,15952,-0.010474308254680376
High school graduate/GED or less,Black,Female,65-74,26399,4328,0.1935240301439756,0.22329996904344238,0.18527335717064675,20001,0.03802661187279563
High school graduate/GED or less,Black,Female,75 and over,69323,10784,0.5081884291704543,0.5563925291507584,0.5044000222316912,54452,0.051992506919067205
High school graduate/GED or less,Black,Male,0-24,10252,91,0.061339268619567296,0.004070495616389336,0.06791439688715953,8727,-0.06384390127077019
High school graduate/GED or less,Black,Male,25-39,13416,494,0.08026995979322228,0.022096976203256395,0.07785214007782101,10004,-0.05575516387456462
High school graduate/GED or less,Black,Male,40-54,21081,2029,0.12613081562320505,0.09075863302916443,0.1267626459143969,16289,-0.03600401288523247
High school graduate/GED or less,Black,Male,55-64,34330,4174,0.20540158912502393,0.1867060297011988,0.21199221789883269,27241,-0.025286188197633896
High school graduate/GED or less,Black,Male,65-74,38150,6333,0.2282572276469462,0.28327965646806225,0.21966536964980546,28227,0.06361428681825679
High school graduate/GED or less,Black,Male,75 and over,49907,9235,0.29860113919203524,0.4130882089819288,0.2958132295719844,38012,0.11727497940994436
High school graduate/GED or less,Multiracial,Female,0-24,517,2,0.1259746588693957,0.006711409395973154,0.15533443891652846,562,-0.1486230295205553
High school graduate/GED or less,Multiracial,Female,25-39,279,3,0.06798245614035088,0.010067114093959731,0.06633499170812604,240,-0.05626787761416631
High school graduate/GED or less,Multiracial,Female,40-54,352,11,0.08576998050682261,0.03691275167785235,0.08485351022664456,307,-0.047940758548792206
High school graduate/GED or less,Multiracial,Female,55-64,570,39,0.1388888888888889,0.13087248322147652,0.12023217247097844,435,0.01064031075049808
High school graduate/GED or less,Multiracial,Female,65-74,677,77,0.16496101364522417,0.25838926174496646,0.15229408512990603,551,0.10609517661506043
High school graduate/GED or less,Multiracial,Female,75 and over,1709,166,0.41642300194931775,0.5570469798657718,0.4209508015478165,1523,0.13609617831795529
High school graduate/GED or less,Multiracial,Male,0-24,898,3,0.1754591637358343,0.00909090909090909,0.1879592320455084,793,-0.1788683229545993
High school graduate/GED or less,Multiracial,Male,25-39,672,13,0.13130128956623682,0.03939393939393939,0.1076084380184878,454,-0.0682144986245484
High school graduate/GED or less,Multiracial,Male,40-54,712,36,0.13911684251660805,0.10909090909090909,0.13344394406257407,563,-0.02435303497166498
High school graduate/GED or less,Multiracial,Male,55-64,825,57,0.1611957796014068,0.17272727272727273,0.17942640436122304,757,-0.006699131633950306
High school graduate/GED or less,Multiracial,Male,65-74,779,79,0.15220789370847987,0.23939393939393938,0.1514576913960654,639,0.08793624799787397
High school graduate/GED or less,Multiracial,Male,75 and over,1232,142,0.24071903087143415,0.4303030303030303,0.24010429011614126,1013,0.19019874018688904
High school graduate/GED or less,White,Female,0-24,7954,60,0.010510681146052747,0.0007985094490284802,0.011856071636037373,8021,-0.011057562187008893
High school graduate/GED or less,White,Female,25-39,12306,252,0.016261559238537227,0.003353739685919617,0.01569181604390634,10616,-0.012338076357986724
High school graduate/GED or less,White,Female,40-54,29418,1203,0.038873927326449544,0.016010114453021026,0.03907433657881161,26435,-0.023064222125790585
High school graduate/GED or less,White,Female,55-64,64313,3967,0.0849853453037579,0.05279478307159968,0.0868918054013785,58785,-0.03409702232977882
High school graduate/GED or less,White,Female,65-74,112293,10175,0.1483877191266911,0.1354138940644131,0.14650769883419976,99117,-0.011093804769786664
High school graduate/GED or less,White,Female,75 and over,530470,59483,0.7009807678585115,0.7916289592760181,0.6999782715056664,473557,0.09165068777035168
High school graduate/GED or less,White,Male,0-24,15075,81,0.02090834447520402,0.0011643116905518263,0.022611850442598135,14310,-0.02144753875204631
High school graduate/GED or less,White,Male,25-39,29339,418,0.04069186856106208,0.006008423291983499,0.03817942210999693,24162,-0.032170998818013434
High school graduate/GED or less,White,Male,40-54,56285,2174,0.07806475414838197,0.03124955080567494,0.07922522414332532,50138,-0.047975673337650376
High school graduate/GED or less,White,Male,55-64,113902,6947,0.15797693216681183,0.09985769523782144,0.1610529442809874,101923,-0.061195249043165964
High school graduate/GED or less,White,Male,65-74,147237,14439,0.20421107233801755,0.20754933950466442,0.20147775000237023,127506,0.006071589502294195
High school graduate/GED or less,White,Male,75 and over,359166,45510,0.49814702831052254,0.6541706794693039,0.497452809020722,314815,0.15671787044858188
